<?xml version="1.0" encoding="UTF-8"?>
<?xml-model href="http://www.tei-c.org/release/xml/tei/custom/schema/relaxng/tei_all.rng" type="application/xml"
	schematypens="http://purl.oclc.org/dsdl/schematron"?>
<?xml-model href="out/oddschemahw1.rng" type="application/xml" schematypens="http://relaxng.org/ns/structure/1.0"?>
<TEI xmlns="http://www.tei-c.org/ns/1.0">
   <teiHeader>
      <fileDesc>
         <titleStmt>
            <title>Mary Behrend Calendar Pages</title>
         </titleStmt>
         <publicationStmt>
            <p>Copyright 1908, By Friendship calendar co. new britan, conn.</p>
         </publicationStmt>
         <sourceDesc>
            <p>Created by Mary Behrend</p>
         </sourceDesc>
      </fileDesc>
   </teiHeader>
   <text>
      <body>
         <div type="calendarPage">
            <head>Copyright 1908, By Friendship calendar co. new britan, conn.</head>
            <p><date when="1909-03-17"/>Wednesday St. Patrick's Day</p>
            <figure>
               <figDesc>St. Patrick was a usefuf saint he frightened all the snakes away- I wish
                  he'd try his ark on Smoke around the hammermill some day;</figDesc>
               <graphic url="https://newtfire.org/courses/tutorials/TEI-images/mary-behrend-calendar-1909/IMG_2052.jpg"></graphic>
             
            </figure>
            <p style="red">Text at the bottom that I can not read</p>
         </div>
         
         <div type="calendarPage">
            <head>Copyright 1908, By Friendship calendar co. new britan, conn.</head>
            <p><date when="1909-03-12">March 12, 1909 Friday</date></p>
            <figure>
               <figDesc>Molly on snowshoes that mr.weir got. Pretty picture is it not?!</figDesc>
               <graphic
                  url="https://newtfire.org/courses/tutorials/TEI-images/mary-behrend-calendar-1909/IMG_2050.jpg"
               />
            </figure>
            <note style="red">signature at bottom</note>

         </div>

      </body>
   </text>
</TEI>
